{"No.Country.for.Old.Men": {"i2t": [0.3404255319148936, 0.6170212765957447, 0.7659574468085106], "t2i": [0.2765957446808511, 0.5319148936170213, 0.7872340425531915], "visual_fraction": 0.36149068322981365}, "Harry.Potter.and.the.Sorcerers.Stone": {"i2t": [0.2077922077922078, 0.4805194805194805, 0.7272727272727273], "t2i": [0.15584415584415584, 0.5324675324675324, 0.7142857142857143], "visual_fraction": 0.36079281511303807}, "Shawshank.Redemption": {"i2t": [0.16666666666666666, 0.4166666666666667, 0.6666666666666666], "t2i": [0.25, 0.5833333333333334, 0.6666666666666666], "visual_fraction": 0.16900858704137392}, "The.Green.Mile": {"i2t": [0.1415929203539823, 0.40707964601769914, 0.584070796460177], "t2i": [0.18584070796460178, 0.4778761061946903, 0.6371681415929203], "visual_fraction": 0.29960925124089133}, "American.Psycho": {"i2t": [0.13043478260869565, 0.40217391304347827, 0.5217391304347826], "t2i": [0.20652173913043478, 0.5760869565217391, 0.7717391304347826], "visual_fraction": 0.28609341825902335}, "One.Flew.Over.the.Cuckoo.Nest": {"i2t": [0.11538461538461539, 0.3076923076923077, 0.5384615384615384], "t2i": [0.15384615384615385, 0.38461538461538464, 0.5384615384615384], "visual_fraction": 0.34759960580036603}, "Brokeback.Mountain": {"i2t": [0.9523809523809523, 1.0, 1.0], "t2i": [0.2857142857142857, 0.3333333333333333, 0.42857142857142855], "visual_fraction": 0.26489028213166144}, "The.Road": {"i2t": [0.14545454545454545, 0.38181818181818183, 0.5454545454545454], "t2i": [0.23636363636363636, 0.5454545454545454, 0.7090909090909091], "visual_fraction": 0.4734859897559506}}