{"No.Country.for.Old.Men": {"i2t": [0.2553191489361702, 0.5319148936170213, 0.7021276595744681], "t2i": [0.2553191489361702, 0.5319148936170213, 0.7446808510638298], "i2t_gt": [0.5957446808510638, 0.9148936170212766, 0.9361702127659575], "t2i_gt": [0.5531914893617021, 0.8723404255319149, 0.9361702127659575]}, "Harry.Potter.and.the.Sorcerers.Stone": {"i2t": [0.1038961038961039, 0.2727272727272727, 0.44155844155844154], "t2i": [0.14285714285714285, 0.44155844155844154, 0.6363636363636364], "i2t_gt": [0.19480519480519481, 0.5194805194805194, 0.7532467532467533], "t2i_gt": [0.35064935064935066, 0.7922077922077922, 0.8961038961038961]}, "Shawshank.Redemption": {"i2t": [0.08333333333333333, 0.5, 0.5], "t2i": [0.16666666666666666, 0.8333333333333334, 0.9166666666666666], "i2t_gt": [0.75, 0.8333333333333334, 1.0], "t2i_gt": [0.9166666666666666, 1.0, 1.0]}, "The.Green.Mile": {"i2t": [0.04424778761061947, 0.19469026548672566, 0.3008849557522124], "t2i": [0.10619469026548672, 0.39823008849557523, 0.5575221238938053], "i2t_gt": [0.07964601769911504, 0.37168141592920356, 0.5398230088495575], "t2i_gt": [0.25663716814159293, 0.6460176991150443, 0.7787610619469026]}, "American.Psycho": {"i2t": [0.07608695652173914, 0.22826086956521738, 0.358695652173913], "t2i": [0.18478260869565216, 0.5108695652173914, 0.6847826086956522], "i2t_gt": [0.2391304347826087, 0.5652173913043478, 0.7065217391304348], "t2i_gt": [0.33695652173913043, 0.6521739130434783, 0.8369565217391305]}, "One.Flew.Over.the.Cuckoo.Nest": {"i2t": [0.038461538461538464, 0.2692307692307692, 0.4230769230769231], "t2i": [0.19230769230769232, 0.3076923076923077, 0.5384615384615384], "i2t_gt": [0.34615384615384615, 0.6923076923076923, 0.8076923076923077], "t2i_gt": [0.6153846153846154, 0.9230769230769231, 0.9615384615384616]}, "Brokeback.Mountain": {"i2t": [0.7142857142857143, 0.8571428571428571, 0.9523809523809523], "t2i": [0.42857142857142855, 0.5238095238095238, 0.5714285714285714], "i2t_gt": [0.5714285714285714, 0.9523809523809523, 1.0], "t2i_gt": [0.6666666666666666, 1.0, 1.0]}, "The.Road": {"i2t": [0.12727272727272726, 0.2727272727272727, 0.41818181818181815], "t2i": [0.16363636363636364, 0.509090909090909, 0.6181818181818182], "i2t_gt": [0.21818181818181817, 0.509090909090909, 0.6909090909090909], "t2i_gt": [0.32727272727272727, 0.7818181818181819, 0.8727272727272727]}}